sseqid,sstart,send,sstrand,sseq
LmjF.13,486917,487319,minus,CATGACGACGCCGGCCACCTCAGCGCGTGTGGCATCCGAGTCGAGTACCCACGCTTCGCGGGGAAGCCTCGAGTCCGCCCTCGGTTGCGGCTGCGGGCTCTGGGCGCCGGCCAGCAGGTCTGTGCCGGAGCGGTGCCACGCGGCCATGACCGCGTTTCGACCAGCTCGCTAAGGATCGCGCCGGTTCCTTGGCGGCATCCGCCCGCGACTTCTCTTTGTCGCGATGCGTTCCTGCGCAGAGCGATCCGCGGGCGTGACCAGCGCTGGGTTGAACGACGCCAAACAGTTTTGCTTGGCCCAGTTCCCTCACACAGCCCCGGTGCCACATAGCAGGGGGTGAGCTAAGCTTGTTTATGGGTCCGTTTGTTTGTGGCAGAGTGGACGCGTTGAAAAAAAAAGATAA
LmjF.15,344918,345130,minus,GTGCCGCCAAACGCCCTCGTGCGAGTCTTGACGCAAGGCCACCTCCACACACACACACACACAAATTTATGCGCGCCGTTGGATCCGTCTGCCTCGCCGACTGAGGGAGAGGAGGCGAGGGGCCATCGAGAACGGACGCTCCTCGACACGGCATTACGGGCCGAAGGGGCTCTCTTCCCGCTGCGTTCAGCACGGCCGACAACGCAGTACGAC
LmjF.17,344006,344582,plus,CGGGTCACCCGCGTGACAGGCGGGTATACTAACCACTATACTACCGAGAACTCAGTGGGAAGCGCTCAATACTAGAAATTGTTTGCTGCTTTGATGGGTTTTAGCTTTACCGAACCCACGACCTGGAGCAAATGTGGCCGAGTGGTTAAGGCGCCTGCCTGCTAAGCAGGTGTGATCTCACGCGAAGGTTCGAACCCTTCCGTTTGCGACACTTTTCCGAAACCTGTCGGCACTACTCCGAAGATTTTCTGAAGCGCGTATTTTTCTGTGGGGATGTAGCTCAGATGGTAGAGCGACCGCTTAGCATGCGGTAGGTATTGGGATCGATACCCAACTTCTCCAACTTTTGTGTGGAGCCGGCGATGTAGAGAGGGGAGAAGATCCAAGCGTGTCTGCCTAGTTAGCCGAGTTGCATTTCTGTGCGCGTCATCCAGATTTTATTTCTTCGTTGCCTCTTGCTGGTAGGCGCACTCATCATGATTTGCAAGCATGTGCTCTCACTGAATTTCTTCAGGTGCGCGTTCGCGCCAGGGTGTAGGCCATGCAGTCGATATGTCTGAGCGTGTATCAAAACCAA
LmjF.18,118822,119380,plus,CTTCGCTCCTGTGCCCTACTTGGAGTCCATGTGTTTGTGAGTGTATGTATGTGTATGTGTGTGTAGGGGGGATGATGACTACAGGGGGGGGGTTCACTGAAGAGAGGACTTGCGCATGGCTGCGCCCCTTTCTTTTCGGTTCGTGGCTCATCTCTTTCGCTTCACGGGGCGGCGCATACATGTGTATATGCATGCATGCATGTGTGTGTGTGTGTGTGTGTGTGTGTGTGTGTGTGTGTGTGTGTGTGTGTGTGTGCGTATGCGTGTGTGTCGATAGGGAGCGCAAGAGCGATAGCCAAGTAAGCGAAGACGCGACACAAGCGCCCAAGGAGGGAGAAAAATGTCCACTGAAGAGCGGAATCAGCTCTACGTTTGGTGCCGTCGTGCGTGTGGTGGCGCGGAGGATGTACGATCAACGTGGGCGGTGACGACGGTGAGAGAGGATGAGACGACAAATCGAGAGAGAGAACACCAACAACAACCAAAAAGGGATGAAAAGTCGCGCACACATACAGAGGCACCTACATCACAGTACAACGATATCCGAACAAGACCAACA
LmjF.20,439605,440167,plus,CTTTACCATTTTATATGTATATGTATGTGTGTGTGTGTGTGTGTGTGTGTGTGTGTGTGTGTGTGTGTCATCTCCGCGTGCGTGCGTGCGCACTCGTGGTTGTGTAGTCCAAGTATATTTCTGTCTTGTCTGTGTGCTTCTTATGTGTGGGGGTGTGTTTTCATTGGGTGGCTTGCGAGACGGTGCAGCACTAGCGTACGCGTACACGCAGGCGCACAGAGGCCAACACTCACCTTCGTATACAGAGAAACGCGTGCCTGTCCCTTGAGCTGTAGTAGGAAATCGCTTCTTTCTGTCTCTCGCTCTCTGCGTCGTCTCGCTCCCAATCCACCCATCCATCTCCCATCCCCTTTCTCGCCCCATGGCTGCTGAGCACCTGCGTTTGGCCTTCGCTTCGACTTTGCTGTAAAGGTGTATGCGGGTGTGCGCGTTCTCTTTGTGTTTCGCGGGGGAGGGAGGGTCCTCTCTCCGTGTTGTTGTTGTTGTTTTTACATACCCGAGTGTGTCCGTTTGGTTGGTTGTCATATATATATATATGCATATATATATATATGTATATATAT
LmjF.28,421333,421974,plus,GTTGACGCTGTTCTCTCGCTCTCTGACTCTCGAGTGTCTTTCAAGACAACATTGCTGTGCAGGGAAGCGAAAGAGAACTTCACAACGGAGGGCCGGCGCTCGCGGTGGACGCACGTACACATCCGCTACAGGCACTTCGATTTTTTTTCTTCACGGCGCATCTCGGTGTCCCTCAACGCTTTCATTTTTTCCATTTCTCTTTCTTTGTGCGCTATCCTTCTTCCAGCCCGCCGCTCCGCTGCCAAGCAACTCTCTTTCTCTCTCTCTACCCCTTCTCCATTCGTCATAAAGCCTGCGTAGAAGCCCCTCCCTCGCCTCTTTCACACACACACACACACACACACACACACACACACATGCGAACACGCAGAGACAGCGGAACCCACGACCAGTGAGCTCAGGGAGCCGACGTGACACCTTTGTCTGATCTTGAAACGCGTGCTCTGCGCCCCTTCCTCCTCGCAGGATCTTCTCTCCATTTCTCATTCATCAGCGCTATCAAGGCTGTCGTCGCCGCCTGACCAACACCGCCGCCACCCTCTTCACCTACTCTGCCCCTCCCCCTGCGTCCCTCGAGCCTTCGCCCCCTTTGTATGTGTTCTCGTTGTCTTGTCGCCCGTGCTTCGGTTCCGCCTTCGCATT
LmjF.30,510902,511226,plus,CCGTGAAGCACGAAACGGCGTCGCTGGAGTACGATAGCCGAGCTGCGTACTCATACACGCACGTACACACACACACACACACACACACACACACACACAAACTTGCGCAAACTCGCTCAGAGGCAGATTTACGCCGGTGCACGGGGCACACCTTGGACGAAGGGACAGGGGCTGCGCGGGAGAAAGGGAGGTGGCGGGGAGGTGGTCGAGCAGATTGCTCAAACACAGAAAGACAAGGCAGAGCGAGTGTGTGTGTGTGTGTGTCGACTTCTTCCACTCCTGATCTCCTTAGACGAAAGTGACATTACCGTAGTAGAAAAGAAAA
LmjF.33,991961,992460,plus,CTTGATGGTGCCGGCCACCTCACCGAGTTATCTGGGTCTCGTACTCCACTCTTGGTGTCGGAGGACAAGTTTGGACTGGCACTGTGCGGAATGCAGCGTTGCACGACGATAAGAACAAAAAACAAGCTCTCTCTCTCCGTGTTTCGTGGGCACTCTTATACACTCGGATACACTCACCCATGTCTGTACTTGTACTTCTCCTACAGCCCCTAACGATGCATGCACCTCTTGTCCCTCTTCTCCTCCTCCGTCTGCGTCCATGACCATCCCTCTTTCTCTGTTTAAATGCGTGAAGGCGTCTCTCGTCTATCATATTTCAAGTGTGTCGCCACCGCTATGGCCTCTGCCTCTCGTAGAAGCATCCGCCAAACATCGAAAACGAAGCTCAGAGAAAGGGAAAAACAACAATCATCCTTCCTCTCCCTCTTTTTGTATGTGTTTGTGCTGCATCCACTTCCGGCTGTCTTGCCATCCGTTGTCGTGATGATCTCTCGGTGTTC
LmjF.34,192894,193093,plus,CCCGATTGGGGCAAAGGTCGCCTTGGTGGCGAACCATCACACACACACACACACACACACACACACACACACACACACCTCCCCATCCTGCATGTGCAGAAAGCAGCTGAATGGGTGTTAGCGGCAGTGGGTGTCGATCTGGCGCTGAACACGCTGGGCGTTTTGTTCGCCCTTCGGCTCCACTCACTCCCCCTCCTCCC
LmjF.36,1055945,1056139,minus,GTGCCACCAAACGCCTTCGTGCGAGTCTTGACGCAAGGCCACCTCCACACACACACACACACACAAATTTATGCGCGCCGTTGGATCCGTCTGCCTCGCCGACTGAGGGAGAGGAGGCGAGGGGCCACCGAGAACGGACGCTCCTCGACACGGCATCACGGGCCGAAGGGGCTCTCTTCCCGCTGCGTTCAGCAC
